,위도,경도,카테고리
0,37.576315,,스마트가로등
1,37.576181,126.837296,스마트가로등
2,37.532011,126.84516200000002,스마트가로등
3,37.535956,126.842193,스마트가로등
4,37.530656,126.844245,스마트가로등
5,37.537672,126.858851,스마트가로등
6,37.553499,126.86601499999999,스마트가로등
7,37.551503000000004,126.86508500000001,스마트가로등
8,37.552147999999995,126.864947,스마트가로등
9,,126.836922,스마트가로등
10,37.574217,126.837061,스마트가로등
11,37.573948,126.837157,스마트가로등
12,37.573677,126.83716499999998,스마트가로등
13,37.573459,,스마트가로등
14,37.573281,126.837153,스마트가로등
15,37.572891999999996,126.837127,스마트가로등
16,,126.837119,스마트가로등
17,37.572478000000004,126.837134,스마트가로등
18,,126.83720100000001,스마트가로등
19,37.571856,126.837465,스마트가로등
20,37.571742,126.83752199999999,스마트가로등
21,37.571472,126.837682,스마트가로등
22,,126.837783,스마트가로등
23,37.570884,,스마트가로등
24,37.571068,126.837979,스마트가로등
25,37.570535,,스마트가로등
26,37.570640999999995,126.83788700000001,스마트가로등
27,37.571118,126.837961,스마트가로등
28,,,스마트가로등
29,,,스마트가로등
30,37.572995,,스마트가로등
31,37.572998999999996,,스마트가로등
32,37.572697,,스마트가로등
33,,,스마트가로등
34,,126.81663700000001,스마트가로등
35,,126.816775,스마트가로등
36,37.572285,,스마트가로등
37,,126.816754,스마트가로등
38,37.571964,126.816627,스마트가로등
39,37.571982,,스마트가로등
40,37.571597,,스마트가로등
41,,126.816745,스마트가로등
42,37.571453999999996,,스마트가로등
43,37.571426,,스마트가로등
44,37.571219,126.816602,스마트가로등
45,37.571219,126.81674299999999,스마트가로등
46,37.570935999999996,,스마트가로등
47,,,스마트가로등
48,37.570665000000005,126.816585,스마트가로등
49,37.5706735,,스마트가로등
50,37.570527,126.816585,스마트가로등
51,37.570533000000005,126.81671599999999,스마트가로등
52,37.570235,126.816565,스마트가로등
53,37.570227,126.816702,스마트가로등
54,37.569933,,스마트가로등
55,37.569914000000004,,스마트가로등
56,37.569649,,스마트가로등
57,37.569662,126.816705,스마트가로등
58,37.569364,126.81654499999999,스마트가로등
59,37.569383,,스마트가로등
60,37.568962,126.816548,스마트가로등
61,,126.816685,스마트가로등
62,37.568752,126.816544,스마트가로등
63,37.568756,126.81668700000002,스마트가로등
64,37.568395,,스마트가로등
65,37.568416,,스마트가로등
66,37.568231,,스마트가로등
67,37.568234000000004,,스마트가로등
68,37.568075,,스마트가로등
69,37.568081,,스마트가로등
70,37.567777,126.816534,스마트가로등
71,,126.816671,스마트가로등
72,37.567563,126.816524,스마트가로등
73,37.567559,126.816659,스마트가로등
74,37.567438,126.81652199999999,스마트가로등
75,37.567445,126.81665500000001,스마트가로등
76,37.567209000000005,126.816519,스마트가로등
77,37.567215000000004,126.8165245508,스마트가로등
78,37.566821999999995,126.816501,스마트가로등
79,37.566819,126.816649,스마트가로등
80,37.566488,126.816492,스마트가로등
81,37.566502,126.816629,스마트가로등
82,,126.81648799999999,스마트가로등
83,37.566288,126.81661899999999,스마트가로등
84,37.566112,126.816483,스마트가로등
85,,126.816475,스마트가로등
86,37.565971999999995,126.81661399999999,스마트가로등
87,37.565614000000004,126.81646200000002,스마트가로등
88,37.565453999999995,126.816455,스마트가로등
89,37.565467,126.816602,스마트가로등
90,37.565014,126.816448,스마트가로등
91,37.565025,,스마트가로등
92,37.564791,,스마트가로등
93,37.564791,126.81658600000002,스마트가로등
94,37.564510999999996,126.81645400000001,스마트가로등
95,37.564496000000005,126.816584,스마트가로등
96,37.564307,126.816449,스마트가로등
97,,,스마트가로등
98,37.564094,,스마트가로등
99,37.564089,126.81658700000001,스마트가로등
100,37.563719,126.816423,스마트가로등
101,37.563728000000005,126.816574,스마트가로등
102,37.563233000000004,126.816422,스마트가로등
103,37.563243,,스마트가로등
104,37.562946000000004,,스마트가로등
105,37.562959,,스마트가로등
106,37.562692,,스마트가로등
107,,,스마트가로등
108,37.562441,126.816405,스마트가로등
109,37.562468,126.81655500000001,스마트가로등
110,37.562164,126.816405,스마트가로등
111,,126.816552,스마트가로등
112,37.561965,126.816406,스마트가로등
113,37.561935,126.81653899999999,스마트가로등
114,37.561712,126.816397,스마트가로등
115,37.561741,,스마트가로등
116,37.561477000000004,126.81638400000001,스마트가로등
117,37.561465999999996,,스마트가로등
118,37.561343,126.816379,스마트가로등
119,37.561327,,스마트가로등
120,37.561141,126.816251,스마트가로등
121,37.561138,126.81666499999999,스마트가로등
