,카테고리,lnt,lat
0,와이파이,37.556602000000005,126.85046399999999
1,와이파이,37.556909999999995,126.849236
2,와이파이,37.564820000000005,126.84043999999999
3,와이파이,37.564888,126.840096
4,와이파이,37.536827,126.83645
5,와이파이,37.537178000000004,126.83629599999999
6,와이파이,37.56948,126.84763999999998
7,와이파이,37.56418,126.85564
8,와이파이,37.55981,126.863304
9,와이파이,37.564243,126.85513
10,와이파이,37.55972,126.86384
11,와이파이,37.56848,126.84965
12,와이파이,37.56145,126.85396999999999
13,와이파이,37.562164,126.85338999999999
14,와이파이,37.56046,126.856606
15,와이파이,37.570507,126.84381
16,와이파이,37.57562,126.81652
17,와이파이,37.554756,126.85578000000001
18,와이파이,37.555237,126.85408999999999
19,와이파이,37.549683,126.819496
20,와이파이,37.55723,126.86171999999999
21,와이파이,37.575195,126.8026
22,와이파이,37.575127,126.80221999999999
23,와이파이,37.578457,126.80035
24,와이파이,37.56991,126.83816499999999
25,와이파이,37.559086,126.80818000000001
26,와이파이,37.564747,126.81138600000001
27,와이파이,37.56322,126.81631000000002
28,와이파이,37.562458,126.81676000000002
29,와이파이,37.560726,126.8158
30,와이파이,37.560738,126.817154
31,와이파이,37.572720000000004,126.81159
32,와이파이,37.555446999999994,126.865486
33,와이파이,37.56559,126.85322
34,와이파이,37.544064,126.83823000000001
35,와이파이,37.56261,126.84311000000001
36,와이파이,37.549004,126.86865
37,와이파이,37.549409999999995,126.8676
38,와이파이,37.552628000000006,126.86156000000001
39,와이파이,37.552864,126.86053000000001
40,와이파이,37.55935,126.83187
41,와이파이,37.559284000000005,126.83171000000002
42,와이파이,37.55491,126.82642
43,와이파이,37.554787,126.82606000000001
44,와이파이,37.55747,126.82641000000001
45,와이파이,37.557438,126.82675
46,와이파이,37.559696,126.82751499999999
47,와이파이,37.559692,126.82603999999999
48,와이파이,37.55849,126.83916
49,와이파이,37.558575,126.83761000000001
50,와이파이,37.556038,126.83762
51,와이파이,37.582493,126.79856000000001
52,와이파이,37.57308,126.822624
53,와이파이,37.568965999999996,126.816376
54,와이파이,37.561370000000004,126.80958999999999
55,와이파이,37.561347999999995,126.81107
56,와이파이,37.554520000000004,126.81621000000001
57,와이파이,37.57287,126.816925
58,와이파이,37.568977000000004,126.84156999999999
59,와이파이,37.550236,126.87331999999999
60,와이파이,37.54912,126.877625
61,와이파이,37.553047,126.86972
62,와이파이,37.547096,126.87588500000001
63,와이파이,37.546856,126.87506
64,와이파이,37.546065999999996,126.821526
65,와이파이,37.54596,126.82113000000001
66,와이파이,37.549240000000005,126.8365
67,와이파이,37.557854,126.8455
68,와이파이,37.557873,126.843254
69,와이파이,37.56243,126.798874
70,와이파이,37.54015,126.83448
71,와이파이,37.54609,126.845276
72,와이파이,37.545142999999996,126.862144
73,와이파이,37.532764,126.86351
74,와이파이,37.537975,126.84043
75,와이파이,37.55312,126.8367
76,와이파이,37.553290000000004,126.83637
77,와이파이,37.565052,126.82781000000001
78,와이파이,37.565052,126.82749
79,와이파이,37.55937,126.82843999999999
80,와이파이,37.558746,126.83456000000001
81,와이파이,37.56678,126.82593999999999
82,와이파이,37.566956,126.82655
83,와이파이,37.54932,126.82276
84,와이파이,37.558853000000006,126.836685
85,와이파이,37.567184000000005,126.82763
86,와이파이,37.569912,126.82786599999999
87,와이파이,37.555637,126.81192
88,와이파이,37.549664,126.86831000000001
89,와이파이,37.549664,126.86831000000001
90,와이파이,37.549664,126.86831000000001
91,와이파이,37.549664,126.86831000000001
92,와이파이,37.549664,126.86831000000001
93,와이파이,37.549664,126.86831000000001
94,와이파이,37.535477,126.84108
95,와이파이,37.549664,126.86831000000001
96,와이파이,37.549664,126.86831000000001
97,와이파이,37.549507,126.86848400000001
98,와이파이,37.54958,126.86821
99,와이파이,37.549698,126.86833
100,와이파이,37.553818,126.87092
101,와이파이,37.553818,126.87092
102,와이파이,37.556057,126.85896000000001
103,와이파이,37.556057,126.85896000000001
104,와이파이,37.55365,126.87102
105,와이파이,37.547290000000004,126.873314
106,와이파이,37.57051,126.81685
107,와이파이,37.57051,126.81685
108,와이파이,37.553554999999996,126.86691
109,와이파이,37.547234,126.87305
110,와이파이,37.556057,126.85896000000001
111,와이파이,37.557873,126.86578
112,와이파이,37.556496,126.8678
113,와이파이,37.555424,126.87106000000001
114,와이파이,37.554333,126.86966000000001
115,와이파이,37.552807,126.87007
116,와이파이,37.551483000000005,126.87275
117,와이파이,37.552124,126.87428999999999
118,와이파이,37.55298,126.86648999999998
119,와이파이,37.550232,126.875175
120,와이파이,37.549434999999995,126.87588000000001
121,와이파이,37.55135,126.87722
122,와이파이,37.549545,126.87321000000001
123,와이파이,37.549004,126.87159
124,와이파이,37.550470000000004,126.87092
125,와이파이,37.549766999999996,126.87013
126,와이파이,37.550213,126.86868
127,와이파이,37.551678,126.86798
128,와이파이,37.552279999999996,126.86806499999999
129,와이파이,37.55298,126.86648999999998
130,와이파이,37.5522,126.86559
131,와이파이,37.551590000000004,126.87138
132,와이파이,37.55087,126.87227
133,와이파이,37.550255,126.8734
134,와이파이,37.552929999999996,126.87187
135,와이파이,37.55125,126.87002
136,와이파이,37.55795,126.86867
137,와이파이,37.54827,126.87449
138,와이파이,37.55046,126.87656399999999
139,와이파이,37.555443,126.86565
140,와이파이,37.557163,126.8643
141,와이파이,37.549618,126.86832
142,와이파이,37.549618,126.86832
143,와이파이,37.560055,126.86568999999999
144,와이파이,37.547325,126.87345
145,와이파이,37.547325,126.87345
146,와이파이,37.560055,126.86568999999999
147,와이파이,37.560055,126.86568999999999
148,와이파이,37.556442,126.87178999999999
149,와이파이,37.550938,126.84964
150,와이파이,37.542885,126.86245
151,와이파이,37.542885,126.86245
152,와이파이,37.555756,126.85897
153,와이파이,37.55917,126.85488000000001
154,와이파이,37.558693,126.85718
155,와이파이,37.55689,126.85531
156,와이파이,37.5568,126.85778
157,와이파이,37.556988,126.85848999999999
158,와이파이,37.55494,126.85727
159,와이파이,37.555855,126.8591
160,와이파이,37.554707,126.86165
161,와이파이,37.55407,126.86301
162,와이파이,37.554916,126.85783
163,와이파이,37.55567,126.86218000000001
164,와이파이,37.55466,126.8635
165,와이파이,37.553345,126.86373999999999
166,와이파이,37.55237,126.863716
167,와이파이,37.55337,126.86148999999999
168,와이파이,37.55388,126.85986000000001
169,와이파이,37.55431,126.86522
170,와이파이,37.5535,126.86133999999998
171,와이파이,37.55323,126.86063
172,와이파이,37.55532,126.85512
173,와이파이,37.55532,126.85512
174,와이파이,37.555458,126.85451
175,와이파이,37.555458,126.85451
176,와이파이,37.54914,126.86328999999999
177,와이파이,37.55753,126.85378
178,와이파이,37.555805,126.85892
179,와이파이,37.555805,126.85892
180,와이파이,37.555805,126.85892
181,와이파이,37.552795,126.85048
182,와이파이,37.552795,126.85048
183,와이파이,37.552795,126.85048
184,와이파이,37.552795,126.85048
185,와이파이,37.549664,126.86831000000001
186,와이파이,37.5464,126.862144
187,와이파이,37.546597,126.86222
188,와이파이,37.54636,126.86238999999999
189,와이파이,37.55897,126.847916
190,와이파이,37.55897,126.847916
191,와이파이,37.542637,126.86254
192,와이파이,37.552795,126.85048
193,와이파이,37.552795,126.85048
194,와이파이,37.552795,126.85048
195,와이파이,37.552795,126.85048
196,와이파이,37.552795,126.85048
197,와이파이,37.552795,126.85048
198,와이파이,37.551052,126.86211999999999
199,와이파이,37.55141,126.8606
200,와이파이,37.550488,126.86091599999999
201,와이파이,37.550213,126.85922
202,와이파이,37.55081,126.859146
203,와이파이,37.550274,126.85767
204,와이파이,37.550495,126.862526
205,와이파이,37.549477,126.86283
206,와이파이,37.549385,126.86085
207,와이파이,37.54878,126.860634
208,와이파이,37.547802000000004,126.86236000000001
209,와이파이,37.54599,126.86069499999999
210,와이파이,37.54719,126.85968999999999
211,와이파이,37.546387,126.85908
212,와이파이,37.54538,126.85911599999999
213,와이파이,37.55018,126.86373
214,와이파이,37.537956,126.86281000000001
215,와이파이,37.536190000000005,126.86265
216,와이파이,37.535587,126.86303000000001
217,와이파이,37.549618,126.86168
218,와이파이,37.5491,126.862404
219,와이파이,37.547325,126.86133999999998
220,와이파이,37.54743,126.859474
221,와이파이,37.542429999999996,126.86211399999999
222,와이파이,37.542645,126.862495
223,와이파이,37.546494,126.86227
224,와이파이,37.55897,126.847916
225,와이파이,37.544247,126.84756499999999
226,와이파이,37.544247,126.84756499999999
227,와이파이,37.558871999999994,126.84782
228,와이파이,37.56723,126.84236999999999
229,와이파이,37.56644,126.84086
230,와이파이,37.56559,126.84165
231,와이파이,37.56196,126.84031999999999
232,와이파이,37.565598,126.84433999999999
233,와이파이,37.56419,126.84891999999999
234,와이파이,37.55993,126.84536000000001
235,와이파이,37.559162,126.84494
236,와이파이,37.55989,126.84378000000001
237,와이파이,37.55867,126.84348999999999
238,와이파이,37.559185,126.84153
239,와이파이,37.560179999999995,126.8417
240,와이파이,37.56276,126.8461
241,와이파이,37.563213,126.84853999999999
242,와이파이,37.56157,126.85203999999999
243,와이파이,37.55928,126.8475
244,와이파이,37.559740000000005,126.84777
245,와이파이,37.558265999999996,126.84745
246,와이파이,37.558323,126.84938000000001
247,와이파이,37.55787,126.84893999999998
248,와이파이,37.557159999999996,126.8508
249,와이파이,37.558716,126.85168999999999
250,와이파이,37.56118,126.85304
251,와이파이,37.560604,126.85465
252,와이파이,37.544556,126.84100000000001
253,와이파이,37.54455,126.84167
254,와이파이,37.5571,126.84988
255,와이파이,37.556885,126.85047
256,와이파이,37.557262,126.84941
257,와이파이,37.558155,126.84516
258,와이파이,37.558155,126.84516
259,와이파이,37.558815,126.83882
260,와이파이,37.558907,126.84785
261,와이파이,37.559670000000004,126.85055
262,와이파이,37.559670000000004,126.85055
263,와이파이,37.559670000000004,126.85055
264,와이파이,37.559670000000004,126.85055
265,와이파이,37.559670000000004,126.85055
266,와이파이,37.559670000000004,126.85055
267,와이파이,37.559670000000004,126.85055
268,와이파이,37.559670000000004,126.85055
269,와이파이,37.559670000000004,126.85055
270,와이파이,37.559670000000004,126.85055
271,와이파이,37.542770000000004,126.84408
272,와이파이,37.542866,126.843346
273,와이파이,37.53069,126.8415
274,와이파이,37.53069,126.8415
275,와이파이,37.54399,126.84756499999999
276,와이파이,37.543365,126.8441
277,와이파이,37.531452,126.83749399999999
278,와이파이,37.54707,126.84783
279,와이파이,37.546170000000004,126.85037
280,와이파이,37.540585,126.849014
281,와이파이,37.547188,126.84873999999999
282,와이파이,37.54655,126.84822
283,와이파이,37.54599,126.84778600000001
284,와이파이,37.545204,126.84719
285,와이파이,37.544579999999996,126.84663400000001
286,와이파이,37.543888,126.84583
287,와이파이,37.543296999999995,126.84505
288,와이파이,37.542835,126.84438
289,와이파이,37.542404,126.84376499999999
290,와이파이,37.54183,126.84293999999998
291,와이파이,37.541252,126.84238400000001
292,와이파이,37.5405,126.84177
293,와이파이,37.548970000000004,126.84787
294,와이파이,37.547779999999996,126.84913
295,와이파이,37.546154,126.851456
296,와이파이,37.544273,126.8488
297,와이파이,37.544643,126.84551
298,와이파이,37.543903,126.8451
299,와이파이,37.544224,126.8441
300,와이파이,37.54266,126.84693999999999
301,와이파이,37.542118,126.84589
302,와이파이,37.541668,126.846924
303,와이파이,37.54268,126.84806
304,와이파이,37.541595,126.84833
305,와이파이,37.540302000000004,126.84852
306,와이파이,37.542159999999996,126.84961000000001
307,와이파이,37.541523,126.8506
308,와이파이,37.5407,126.851
309,와이파이,37.54007,126.85139
310,와이파이,37.539017,126.85162
311,와이파이,37.539032,126.84883
312,와이파이,37.539085,126.84801999999999
313,와이파이,37.538746,126.84706000000001
314,와이파이,37.539406,126.84659599999999
315,와이파이,37.54012,126.84645
316,와이파이,37.53868,126.84508000000001
317,와이파이,37.54,126.84458000000001
318,와이파이,37.53947,126.843056
319,와이파이,37.53737,126.84466599999999
320,와이파이,37.539707,126.84698999999999
321,와이파이,37.53864,126.85046000000001
322,와이파이,37.546463,126.8471
323,와이파이,37.546640000000004,126.84608999999999
324,와이파이,37.544014000000004,126.84765
325,와이파이,37.5379,126.84445
326,와이파이,37.5379,126.84445
327,와이파이,37.5379,126.84445
328,와이파이,37.5379,126.84445
329,와이파이,37.5379,126.84445
330,와이파이,37.535477,126.84108
331,와이파이,37.563313,126.85257
332,와이파이,37.5355,126.84105
333,와이파이,37.53069,126.8415
334,와이파이,37.53069,126.8415
335,와이파이,37.53205,126.85445
336,와이파이,37.53205,126.85445
337,와이파이,37.53033,126.841576
338,와이파이,37.530506,126.84158000000001
339,와이파이,37.540554,126.84116000000002
340,와이파이,37.539253,126.83423
341,와이파이,37.538513,126.83473000000001
342,와이파이,37.53779,126.8351
343,와이파이,37.539547,126.83588400000001
344,와이파이,37.5386,126.836205
345,와이파이,37.537975,126.83693999999998
346,와이파이,37.538937,126.83923
347,와이파이,37.539916999999996,126.84100000000001
348,와이파이,37.538635,126.84178999999999
349,와이파이,37.536175,126.83926000000001
350,와이파이,37.535206,126.83981999999999
351,와이파이,37.535323999999996,126.84143999999999
352,와이파이,37.534534,126.84299999999999
353,와이파이,37.53373,126.83986000000002
354,와이파이,37.534107,126.84213000000001
355,와이파이,37.53047,126.83895
356,와이파이,37.53183,126.83903000000001
357,와이파이,37.532340000000005,126.839455
358,와이파이,37.533325,126.8421
359,와이파이,37.533770000000004,126.84428999999999
360,와이파이,37.53318,126.8438
361,와이파이,37.53223,126.84448
362,와이파이,37.531876000000004,126.84583
363,와이파이,37.5318,126.84325
364,와이파이,37.53215,126.84222
365,와이파이,37.532043,126.84133
366,와이파이,37.531166,126.83971399999999
367,와이파이,37.530803999999996,126.838486
368,와이파이,37.53047,126.83895
369,와이파이,37.530632000000004,126.840546
370,와이파이,37.530674,126.8425
371,와이파이,37.530922,126.84543000000001
372,와이파이,37.53116,126.84643999999999
373,와이파이,37.530066999999995,126.84508999999998
374,와이파이,37.52925,126.84291
375,와이파이,37.528954,126.84141000000001
376,와이파이,37.52841,126.84151999999999
377,와이파이,37.528904,126.84013999999999
378,와이파이,37.529365999999996,126.84017
379,와이파이,37.5283,126.84433
380,와이파이,37.528427,126.84578
381,와이파이,37.528774,126.847305
382,와이파이,37.533226,126.845665
383,와이파이,37.532646,126.84601599999999
384,와이파이,37.53188,126.84648
385,와이파이,37.531009999999995,126.84701000000001
386,와이파이,37.5337,126.83842
387,와이파이,37.533085,126.83878999999999
388,와이파이,37.532333,126.840355
389,와이파이,37.528477,126.843025
390,와이파이,37.53052,126.8448
391,와이파이,37.530605,126.84607
392,와이파이,37.530640000000005,126.84669
393,와이파이,37.538115999999995,126.83623999999999
394,와이파이,37.532059999999994,126.84483999999999
395,와이파이,37.531209999999994,126.84141000000001
396,와이파이,37.529594,126.84058
397,와이파이,37.53795,126.840294
398,와이파이,37.537259999999996,126.83625
399,와이파이,37.537341999999995,126.83668
400,와이파이,37.530464,126.84158000000001
401,와이파이,37.538140000000006,126.84145
402,와이파이,37.538140000000006,126.84145
403,와이파이,37.538140000000006,126.84145
404,와이파이,37.538140000000006,126.84145
405,와이파이,37.538140000000006,126.84145
406,와이파이,37.538140000000006,126.84145
407,와이파이,37.53205,126.85445
408,와이파이,37.542736,126.838326
409,와이파이,37.542736,126.838326
410,와이파이,37.531796,126.85436000000001
411,와이파이,37.531815,126.85458999999999
412,와이파이,37.53094,126.85264
413,와이파이,37.53157,126.85656999999999
414,와이파이,37.531704,126.85763
415,와이파이,37.536590000000004,126.85173
416,와이파이,37.536182000000004,126.85311000000002
417,와이파이,37.537052,126.85392
418,와이파이,37.535084000000005,126.85115
419,와이파이,37.53526,126.85423999999999
420,와이파이,37.53438,126.85376000000001
421,와이파이,37.534366999999996,126.85233000000001
422,와이파이,37.53355,126.8538
423,와이파이,37.533443,126.85194399999999
424,와이파이,37.53255,126.85128
425,와이파이,37.53187,126.85186000000002
426,와이파이,37.532536,126.85721000000001
427,와이파이,37.530772999999996,126.856544
428,와이파이,37.530457,126.85372
429,와이파이,37.530167,126.85148999999998
430,와이파이,37.529682,126.85158500000001
431,와이파이,37.530097999999995,126.85512
432,와이파이,37.529007,126.85172
433,와이파이,37.529167,126.8532
434,와이파이,37.529278000000005,126.85418
435,와이파이,37.52942,126.8552
436,와이파이,37.529587,126.85663999999998
437,와이파이,37.529385,126.84936
438,와이파이,37.531859999999995,126.85441000000002
439,와이파이,37.542736,126.838326
440,와이파이,37.542736,126.838326
441,와이파이,37.534554,126.8607
442,와이파이,37.534554,126.8607
443,와이파이,37.542429999999996,126.83843999999999
444,와이파이,37.544666,126.83506000000001
445,와이파이,37.544709999999995,126.835175
446,와이파이,37.54789,126.83333600000002
447,와이파이,37.54503,126.83693999999998
448,와이파이,37.544376,126.83753
449,와이파이,37.543617,126.838264
450,와이파이,37.542946,126.83898
451,와이파이,37.54206,126.839836
452,와이파이,37.541477,126.839325
453,와이파이,37.541283,126.83868000000001
454,와이파이,37.541022999999996,126.83766000000001
455,와이파이,37.54739,126.83317
456,와이파이,37.54708,126.834854
457,와이파이,37.546046999999994,126.835495
458,와이파이,37.54432,126.83485
459,와이파이,37.544846,126.83633
460,와이파이,37.544243,126.836205
461,와이파이,37.544315000000005,126.83698000000001
462,와이파이,37.543690000000005,126.83752
463,와이파이,37.543377,126.83641999999999
464,와이파이,37.543659999999996,126.83523999999998
465,와이파이,37.542526,126.83485
466,와이파이,37.542713,126.83723400000001
467,와이파이,37.542812,126.838356
468,와이파이,37.542034,126.83927
469,와이파이,37.541645,126.83815
470,와이파이,37.54128,126.836716
471,와이파이,37.54149,126.83530400000001
472,와이파이,37.54098,126.83443
473,와이파이,37.54074,126.83453
474,와이파이,37.547703000000006,126.834854
475,와이파이,37.54717,126.83596999999999
476,와이파이,37.540465999999995,126.83508
477,와이파이,37.5402,126.832245
478,와이파이,37.534554,126.8607
479,와이파이,37.534554,126.8607
480,와이파이,37.534554,126.8607
481,와이파이,37.551765,126.85006000000001
482,와이파이,37.551765,126.85006000000001
483,와이파이,37.534542,126.8605
484,와이파이,37.534653000000006,126.860855
485,와이파이,37.566241999999995,126.84503000000001
486,와이파이,37.536784999999995,126.85573600000001
487,와이파이,37.53614,126.85565
488,와이파이,37.53884,126.85768
489,와이파이,37.53689,126.85889399999999
490,와이파이,37.536232,126.86075
491,와이파이,37.535579999999996,126.85685
492,와이파이,37.535022999999995,126.85604
493,와이파이,37.534572999999995,126.85796
494,와이파이,37.53471,126.857025
495,와이파이,37.533627,126.86005
496,와이파이,37.535470000000004,126.85873000000001
497,와이파이,37.534393,126.85988600000002
498,와이파이,37.53502,126.86173000000001
499,와이파이,37.53338,126.86185
500,와이파이,37.53454,126.8629
501,와이파이,37.533229999999996,126.858246
502,와이파이,37.53338,126.85755
503,와이파이,37.53131,126.85811000000001
504,와이파이,37.531178000000004,126.8603
505,와이파이,37.531776,126.86196000000001
506,와이파이,37.53184,126.86313
507,와이파이,37.53001,126.85833000000001
508,와이파이,37.530155,126.85938
509,와이파이,37.53024,126.86202
510,와이파이,37.53522,126.863335
511,와이파이,37.53432,126.86341000000002
512,와이파이,37.533035,126.863525
513,와이파이,37.532402000000005,126.86315
514,와이파이,37.532276,126.86216999999999
515,와이파이,37.532204,126.8616
516,와이파이,37.532055,126.86041000000002
517,와이파이,37.531914,126.85928999999999
518,와이파이,37.531837,126.85866000000001
519,와이파이,37.53097,126.85918400000001
520,와이파이,37.53137,126.862854
521,와이파이,37.534542,126.86077
522,와이파이,37.534542,126.86077
523,와이파이,37.550938,126.84964
524,와이파이,37.550938,126.84964
525,와이파이,37.550938,126.84964
526,와이파이,37.550938,126.84964
527,와이파이,37.550938,126.84964
528,와이파이,37.550938,126.84964
529,와이파이,37.550938,126.84964
530,와이파이,37.550938,126.84964
531,와이파이,37.550938,126.84964
532,와이파이,37.550938,126.84964
533,와이파이,37.550938,126.84964
534,와이파이,37.550938,126.84964
535,와이파이,37.550938,126.84964
536,와이파이,37.550938,126.84964
537,와이파이,37.550938,126.84964
538,와이파이,37.550938,126.84964
539,와이파이,37.550938,126.84964
540,와이파이,37.550938,126.84964
541,와이파이,37.550938,126.84964
542,와이파이,37.550938,126.84964
543,와이파이,37.550938,126.84964
544,와이파이,37.550938,126.84964
545,와이파이,37.550938,126.84964
546,와이파이,37.550938,126.84964
547,와이파이,37.550938,126.84964
548,와이파이,37.551144,126.84957
549,와이파이,37.550804,126.84928000000001
550,와이파이,37.550697,126.84948
551,와이파이,37.551033000000004,126.84976999999999
552,와이파이,37.550938,126.84964
553,와이파이,37.550938,126.84964
554,와이파이,37.549816,126.85101999999999
555,와이파이,37.549816,126.85101999999999
556,와이파이,37.552795,126.85048
557,와이파이,37.553818,126.87092
558,와이파이,37.553104,126.84808000000001
559,와이파이,37.53267,126.84832
560,와이파이,37.53267,126.84832
561,와이파이,37.551838000000004,126.85000600000001
562,와이파이,37.550938,126.84964
563,와이파이,37.550938,126.84964
564,와이파이,37.550938,126.84964
565,와이파이,37.550938,126.84964
566,와이파이,37.550938,126.84964
567,와이파이,37.550938,126.84964
568,와이파이,37.550938,126.84964
569,와이파이,37.549816,126.85101999999999
570,와이파이,37.553818,126.87092
571,와이파이,37.550938,126.84964
572,와이파이,37.553818,126.87092
573,와이파이,37.553303,126.848366
574,와이파이,37.553253000000005,126.849434
575,와이파이,37.55338,126.853714
576,와이파이,37.552859999999995,126.85343999999999
577,와이파이,37.55215,126.85304
578,와이파이,37.551395,126.85265
579,와이파이,37.550216999999996,126.85198999999999
580,와이파이,37.549633,126.85153000000001
581,와이파이,37.554188,126.85061
582,와이파이,37.55369,126.84905
583,와이파이,37.55199,126.84576000000001
584,와이파이,37.551407,126.84792
585,와이파이,37.552593,126.84891999999999
586,와이파이,37.550827000000005,126.84676
587,와이파이,37.54978,126.84673000000001
588,와이파이,37.554707,126.8537
589,와이파이,37.553546999999995,126.85253
590,와이파이,37.553470000000004,126.8548
591,와이파이,37.552486,126.854225
592,와이파이,37.552944000000004,126.85136399999999
593,와이파이,37.551777,126.85212
594,와이파이,37.551216,126.8536
595,와이파이,37.549675,126.85361999999999
596,와이파이,37.549155999999996,126.8525
597,와이파이,37.54822,126.8531
598,와이파이,37.54724,126.85176000000001
599,와이파이,37.54929,126.84982
600,와이파이,37.54857,126.84948999999999
601,와이파이,37.554558,126.85311999999999
602,와이파이,37.551970000000004,126.846176
603,와이파이,37.551876,126.855675
604,와이파이,37.551113,126.85711
605,와이파이,37.549927000000004,126.85242
606,와이파이,37.548107,126.85106999999999
607,와이파이,37.550841999999996,126.847626
608,와이파이,37.550841999999996,126.847626
609,와이파이,37.54821,126.84185
610,와이파이,37.54821,126.84185
611,와이파이,37.53268,126.84838
612,와이파이,37.536120000000004,126.85073
613,와이파이,37.532447999999995,126.84692
614,와이파이,37.532173,126.84711000000001
615,와이파이,37.531857,126.8473
616,와이파이,37.53155,126.8475
617,와이파이,37.531292,126.84766
618,와이파이,37.531445,126.84724399999999
619,와이파이,37.531845000000004,126.84700000000001
620,와이파이,37.529392,126.84943
621,와이파이,37.530753999999995,126.848625
622,와이파이,37.530766,126.849625
623,와이파이,37.530838,126.85048
624,와이파이,37.536106,126.84676999999999
625,와이파이,37.536986999999996,126.84555
626,와이파이,37.53771,126.848724
627,와이파이,37.537388,126.850044
628,와이파이,37.536575,126.84933000000001
629,와이파이,37.535496,126.84995
630,와이파이,37.53577,126.849014
631,와이파이,37.53471,126.84889
632,와이파이,37.534657,126.847626
633,와이파이,37.533558,126.84701000000001
634,와이파이,37.53358,126.85028999999999
635,와이파이,37.5321,126.84903999999999
636,와이파이,37.53163,126.84788999999999
637,와이파이,37.532055,126.84763999999998
638,와이파이,37.53135,126.848526
639,와이파이,37.531055,126.84916000000001
640,와이파이,37.532185,126.85031000000001
641,와이파이,37.53562,126.8478
642,와이파이,37.53337,126.8489
643,와이파이,37.53269,126.84851
644,와이파이,37.54821,126.84185
645,와이파이,37.54821,126.84188
646,와이파이,37.54821,126.84188
647,와이파이,37.569447,126.84471
648,와이파이,37.569447,126.84471
649,와이파이,37.548054,126.84191000000001
650,와이파이,37.550446,126.84487
651,와이파이,37.549465000000005,126.84463000000001
652,와이파이,37.55447,126.84567
653,와이파이,37.556090000000005,126.84485
654,와이파이,37.55749,126.84311000000001
655,와이파이,37.557453,126.84328500000001
656,와이파이,37.55525,126.83837
657,와이파이,37.5525,126.836395
658,와이파이,37.55472,126.83861
659,와이파이,37.554638,126.83944
660,와이파이,37.55454,126.84048500000002
661,와이파이,37.554413000000004,126.84168000000001
662,와이파이,37.54833,126.84643600000001
663,와이파이,37.548120000000004,126.84625
664,와이파이,37.547146000000005,126.84553999999999
665,와이파이,37.546406,126.84508000000001
666,와이파이,37.545536,126.84451000000001
667,와이파이,37.544709999999995,126.843925
668,와이파이,37.543995,126.84337
669,와이파이,37.543358000000005,126.84281000000001
670,와이파이,37.542538,126.842026
671,와이파이,37.54205,126.84115
672,와이파이,37.552696000000005,126.83710500000001
673,와이파이,37.553047,126.838196
674,와이파이,37.55237,126.83935
675,와이파이,37.5535,126.83928
676,와이파이,37.553309999999996,126.84102
677,와이파이,37.547626,126.84331
678,와이파이,37.546886,126.84466
679,와이파이,37.544468,126.8394
680,와이파이,37.543514,126.83948999999998
681,와이파이,37.542609999999996,126.84031999999999
682,와이파이,37.555614,126.84289
683,와이파이,37.557390000000005,126.84383000000001
684,와이파이,37.55754,126.84185
685,와이파이,37.55722,126.84011000000001
686,와이파이,37.55679,126.84336
687,와이파이,37.55077,126.83833
688,와이파이,37.54618,126.83665
689,와이파이,37.54514,126.84029
690,와이파이,37.54307,126.84143999999999
691,와이파이,37.54823,126.839615
692,와이파이,37.54823,126.839615
693,와이파이,37.55039,126.84353
694,와이파이,37.55039,126.84353
695,와이파이,37.574515999999996,126.84092
696,와이파이,37.574253000000006,126.84121999999999
697,와이파이,37.548054,126.84191000000001
698,와이파이,37.56738,126.85127
699,와이파이,37.56738,126.85127
700,와이파이,37.569496,126.84475
701,와이파이,37.569386,126.84466
702,와이파이,37.57228,126.838196
703,와이파이,37.572340000000004,126.83856000000002
704,와이파이,37.572936999999996,126.83971000000001
705,와이파이,37.573025,126.839905
706,와이파이,37.57573,126.8366
707,와이파이,37.574490000000004,126.83691
708,와이파이,37.572437,126.837135
709,와이파이,37.571999999999996,126.83961000000001
710,와이파이,37.570473,126.84070600000001
711,와이파이,37.571117,126.84175
712,와이파이,37.571909999999995,126.84192
713,와이파이,37.572646999999996,126.84272
714,와이파이,37.57054,126.843056
715,와이파이,37.570095,126.84714
716,와이파이,37.569790000000005,126.84845
717,와이파이,37.565533,126.84651000000001
718,와이파이,37.566241999999995,126.84503000000001
719,와이파이,37.567223,126.84358
720,와이파이,37.572567,126.83821
721,와이파이,37.568363,126.84295
722,와이파이,37.56718,126.84751999999999
723,와이파이,37.57292,126.83833
724,와이파이,37.57115,126.840034
725,와이파이,37.571613,126.83890500000001
726,와이파이,37.565178,126.84863
727,와이파이,37.569454,126.84459
728,와이파이,37.569454,126.84459
729,와이파이,37.569454,126.84459
730,와이파이,37.571873,126.846924
731,와이파이,37.571873,126.846924
732,와이파이,37.571873,126.846924
733,와이파이,37.571873,126.846924
734,와이파이,37.57313,126.83211499999999
735,와이파이,37.57313,126.83211499999999
736,와이파이,37.563313,126.85257
737,와이파이,37.560577,126.85965
738,와이파이,37.561028,126.86055
739,와이파이,37.561028,126.86055
740,와이파이,37.567253,126.85123999999999
741,와이파이,37.567707,126.852295
742,와이파이,37.568607,126.85188000000001
743,와이파이,37.568207,126.85262
744,와이파이,37.567924,126.85284399999999
745,와이파이,37.569206,126.84888500000001
746,와이파이,37.565807,126.85473
747,와이파이,37.5673,126.85441999999999
748,와이파이,37.563602,126.85202
749,와이파이,37.568836,126.85178
750,와이파이,37.564045,126.85121000000001
751,와이파이,37.561943,126.8536
752,와이파이,37.567326,126.85127
753,와이파이,37.567326,126.85127
754,와이파이,37.560577,126.85965
755,와이파이,37.560577,126.85965
756,와이파이,37.560577,126.85965
757,와이파이,37.560577,126.85965
758,와이파이,37.560577,126.85965
759,와이파이,37.553165,126.84845
760,와이파이,37.553165,126.84845
761,와이파이,37.560615999999996,126.85958000000001
762,와이파이,37.553096999999994,126.83313999999999
763,와이파이,37.553096999999994,126.83313999999999
764,와이파이,37.561142,126.86053500000001
765,와이파이,37.560974,126.86062
766,와이파이,37.563309999999994,126.86138999999999
767,와이파이,37.561104,126.86532
768,와이파이,37.55979,126.8654
769,와이파이,37.560284,126.8658
770,와이파이,37.560959999999994,126.85566000000001
771,와이파이,37.56176,126.85581
772,와이파이,37.5616,126.85998000000001
773,와이파이,37.561209999999996,126.85966499999999
774,와이파이,37.5628,126.85783
775,와이파이,37.561928,126.85927
776,와이파이,37.563572,126.86143
777,와이파이,37.560795,126.86143500000001
778,와이파이,37.55935,126.86408999999999
779,와이파이,37.55966,126.86311
780,와이파이,37.55833,126.86152
781,와이파이,37.56107,126.86045
782,와이파이,37.560596000000004,126.85963000000001
783,와이파이,37.560055,126.86568999999999
784,와이파이,37.56355,126.86216999999999
785,와이파이,37.56355,126.86216999999999
786,와이파이,37.560055,126.86568999999999
787,와이파이,37.560055,126.86568999999999
788,와이파이,37.560055,126.86568999999999
789,와이파이,37.560055,126.86568999999999
790,와이파이,37.560055,126.86568999999999
791,와이파이,37.558803999999995,126.81013999999999
792,와이파이,37.558803999999995,126.81013999999999
793,와이파이,37.553020000000004,126.83313999999999
794,와이파이,37.55316,126.83318
795,와이파이,37.55325,126.81861
796,와이파이,37.552895,126.81863999999999
797,와이파이,37.5525,126.81867
798,와이파이,37.55215,126.81872
799,와이파이,37.553020000000004,126.8189
800,와이파이,37.555214,126.83698000000001
801,와이파이,37.554146,126.83663999999999
802,와이파이,37.552483,126.83617
803,와이파이,37.54929,126.832054
804,와이파이,37.550163,126.83162
805,와이파이,37.55167,126.83086999999999
806,와이파이,37.55268,126.83508
807,와이파이,37.551765,126.83495
808,와이파이,37.55085,126.83501000000001
809,와이파이,37.549285999999995,126.83405
810,와이파이,37.55043,126.83311
811,와이파이,37.551426,126.83406000000001
812,와이파이,37.551353000000006,126.83273999999999
813,와이파이,37.551853,126.83241000000001
814,와이파이,37.55249,126.83205
815,와이파이,37.552242,126.8313
816,와이파이,37.551735,126.83046000000002
817,와이파이,37.552440000000004,126.83001000000002
818,와이파이,37.553307000000004,126.83018500000001
819,와이파이,37.549416,126.8258
820,와이파이,37.548344,126.82592
821,와이파이,37.557334999999995,126.83736999999999
822,와이파이,37.556940000000004,126.8374
823,와이파이,37.55764,126.83745
824,와이파이,37.549934,126.8359
825,와이파이,37.553129999999996,126.83317
826,와이파이,37.553129999999996,126.83317
827,와이파이,37.553129999999996,126.83317
828,와이파이,37.546837,126.82052
829,와이파이,37.546837,126.82052
830,와이파이,37.558803999999995,126.81013999999999
831,와이파이,37.558803999999995,126.81013999999999
832,와이파이,37.558803999999995,126.81013999999999
833,와이파이,37.5704,126.816925
834,와이파이,37.5704,126.816925
835,와이파이,37.558758000000005,126.8102
836,와이파이,37.561127,126.80972
837,와이파이,37.560505,126.80981000000001
838,와이파이,37.559771999999995,126.81008999999999
839,와이파이,37.559096999999994,126.81038999999998
840,와이파이,37.558395000000004,126.81076999999999
841,와이파이,37.557686,126.81135
842,와이파이,37.557014,126.81186000000001
843,와이파이,37.556267,126.812164
844,와이파이,37.55943,126.80978999999999
845,와이파이,37.559925,126.80925
846,와이파이,37.559113,126.80935
847,와이파이,37.558807,126.80812
848,와이파이,37.558514,126.80982
849,와이파이,37.560505,126.810776
850,와이파이,37.560425,126.81219499999999
851,와이파이,37.559525,126.81233999999999
852,와이파이,37.558514,126.81223
853,와이파이,37.559059999999995,126.81343999999999
854,와이파이,37.55843,126.81448
855,와이파이,37.55751,126.81483
856,와이파이,37.554928000000004,126.81371000000001
857,와이파이,37.55506,126.81460600000001
858,와이파이,37.55578,126.81483
859,와이파이,37.556152000000004,126.81698600000001
860,와이파이,37.55469,126.81700000000001
861,와이파이,37.555607,126.818855
862,와이파이,37.555042,126.81821399999998
863,와이파이,37.55486,126.81668
864,와이파이,37.562424,126.811
865,와이파이,37.562424,126.811
866,와이파이,37.536986999999996,126.84555
867,와이파이,37.55442,126.81584
868,와이파이,37.55442,126.81584
869,와이파이,37.5704,126.816925
870,와이파이,37.5704,126.816925
871,와이파이,37.5704,126.816925
872,와이파이,37.5704,126.816925
873,와이파이,37.5667,126.80673
874,와이파이,37.5667,126.80673
875,와이파이,37.564667,126.81667
876,와이파이,37.564663,126.81685
877,와이파이,37.57051,126.81685
878,와이파이,37.57051,126.81685
879,와이파이,37.57051,126.81685
880,와이파이,37.53565,126.8507
881,와이파이,37.562397,126.86358999999999
882,와이파이,37.562053999999996,126.80803
883,와이파이,37.562053999999996,126.80843999999999
884,와이파이,37.562504,126.8092
885,와이파이,37.563072,126.80996999999999
886,와이파이,37.562813,126.810425
887,와이파이,37.562059999999995,126.81013
888,와이파이,37.561954,126.8123
889,와이파이,37.562614,126.81303
890,와이파이,37.5633,126.811874
891,와이파이,37.563763,126.81278999999999
892,와이파이,37.563133,126.81406399999999
893,와이파이,37.563109999999995,126.81518999999999
894,와이파이,37.564163,126.81509399999999
895,와이파이,37.561302000000005,126.81331000000002
896,와이파이,37.561176,126.81437
897,와이파이,37.56265,126.81625
898,와이파이,37.567448,126.81536000000001
899,와이파이,37.564995,126.81178
900,와이파이,37.56453,126.81145500000001
901,와이파이,37.572495,126.81278
902,와이파이,37.573013,126.81358
903,와이파이,37.572379999999995,126.81398999999999
904,와이파이,37.572635999999996,126.815575
905,와이파이,37.569874,126.81271000000001
906,와이파이,37.569084000000004,126.812744
907,와이파이,37.569138,126.81541000000001
908,와이파이,37.56827,126.81531499999998
909,와이파이,37.567265,126.81267
910,와이파이,37.566646999999996,126.81376999999999
911,와이파이,37.56568,126.81336
912,와이파이,37.565895000000005,126.81528
913,와이파이,37.565083,126.81567
914,와이파이,37.564335,126.81218999999999
915,와이파이,37.564246999999995,126.812675
916,와이파이,37.564365,126.813644
917,와이파이,37.568034999999995,126.816216
918,와이파이,37.564834999999995,126.81543
919,와이파이,37.572323,126.81200000000001
920,와이파이,37.571556,126.8124
921,와이파이,37.57115,126.81266000000001
922,와이파이,37.570667,126.81278
923,와이파이,37.572906,126.81518600000001
924,와이파이,37.57157,126.82253
925,와이파이,37.578705,126.81354499999999
926,와이파이,37.578705,126.81354499999999
927,와이파이,37.566742,126.80672
928,와이파이,37.566241999999995,126.81261
929,와이파이,37.568333,126.81289
930,와이파이,37.567223,126.80673
931,와이파이,37.566520000000004,126.80698400000001
932,와이파이,37.57295,126.81098999999999
933,와이파이,37.56788,126.80786
934,와이파이,37.567883,126.80668
935,와이파이,37.56787,126.805626
936,와이파이,37.567017,126.81168999999998
937,와이파이,37.566555,126.8119
938,와이파이,37.572193,126.808945
939,와이파이,37.571682,126.80895
940,와이파이,37.572407,126.8102
941,와이파이,37.57163,126.81008999999999
942,와이파이,37.5708,126.80953000000001
943,와이파이,37.56946,126.80767
944,와이파이,37.568670000000004,126.8105
945,와이파이,37.566845,126.806564
946,와이파이,37.56601,126.807175
947,와이파이,37.56702,126.808975
948,와이파이,37.566696,126.81133
949,와이파이,37.566345,126.810974
950,와이파이,37.565456,126.81067
951,와이파이,37.56536,126.80875
952,와이파이,37.56436,126.8088
953,와이파이,37.56418,126.80685
954,와이파이,37.56413,126.810135
955,와이파이,37.564625,126.80854
956,와이파이,37.564686,126.807556
957,와이파이,37.580677,126.79565
958,와이파이,37.580677,126.79565
959,와이파이,37.580677,126.79565
960,와이파이,37.580677,126.79565
961,와이파이,37.581993,126.813286
962,와이파이,37.581516,126.81289
963,와이파이,37.581665,126.81395
964,와이파이,37.547290000000004,126.873314
965,와이파이,37.547290000000004,126.873314
966,와이파이,37.57867,126.81343000000001
967,와이파이,37.578674,126.8137
968,와이파이,37.578625,126.813965
969,와이파이,37.582863,126.79871999999999
970,와이파이,37.57776,126.8015
971,와이파이,37.573475,126.80511000000001
972,와이파이,37.573814,126.806854
973,와이파이,37.573640000000005,126.80778500000001
974,와이파이,37.574065999999995,126.80991000000002
975,와이파이,37.57391,126.81225
976,와이파이,37.574234000000004,126.81386
977,와이파이,37.5751,126.81381
978,와이파이,37.572662,126.80471000000001
979,와이파이,37.57266,126.80523000000001
980,와이파이,37.57563,126.8109
981,와이파이,37.577095,126.81232
982,와이파이,37.577090000000005,126.81508000000001
983,와이파이,37.57647,126.81653999999999
984,와이파이,37.575886,126.82007
985,와이파이,37.576298,126.81241999999999
986,와이파이,37.576912,126.81267
987,와이파이,37.57783,126.812996
988,와이파이,37.57885,126.80726000000001
989,와이파이,37.57493,126.82036000000001
990,와이파이,37.578796000000004,126.8132
991,와이파이,37.578465,126.81406399999999
992,와이파이,37.579223999999996,126.81065
993,와이파이,37.578644,126.81381999999999
994,와이파이,37.581573,126.8137
995,와이파이,37.581573,126.8137
996,와이파이,37.53228,126.8463
997,와이파이,37.559525,126.85431000000001
998,와이파이,37.53164,126.86375
999,와이파이,37.552628000000006,126.850586
1000,와이파이,37.558933,126.85418999999999
1001,와이파이,37.552574,126.85033999999999
1002,와이파이,37.548965,126.86346999999999
1003,와이파이,37.549805,126.83625
1004,와이파이,37.549240000000005,126.836426
1005,와이파이,37.540813,126.837135
1006,와이파이,37.549397,126.847725
1007,와이파이,37.550274,126.84833
1008,와이파이,37.560024,126.83861
1009,와이파이,37.54023,126.835396
1010,와이파이,37.541126,126.83881000000001
1011,와이파이,37.56684,126.84081
1012,와이파이,37.543144,126.84268999999999
1013,와이파이,37.57853,126.799866
1014,와이파이,37.55755,126.85338999999999
1015,와이파이,37.56902,126.8403
1016,와이파이,37.541996000000005,126.86312
1017,와이파이,37.54718,126.83625
1018,와이파이,37.539783,126.86368999999999
1019,와이파이,37.54255,126.8396
1020,와이파이,37.560196000000005,126.83883999999999
1021,와이파이,37.552982,126.86941499999999
1022,와이파이,37.556324,126.86381000000002
1023,와이파이,37.550259999999994,126.87288000000001
1024,와이파이,37.572662,126.81142
1025,와이파이,37.576878,126.8125
1026,와이파이,37.555122,126.86553
1027,와이파이,37.572765000000004,126.816635
1028,와이파이,37.56284,126.83955
1029,와이파이,37.570023,126.83503
1030,와이파이,37.570023,126.83503
1031,와이파이,37.570023,126.83503
1032,와이파이,37.570023,126.83503
1033,와이파이,37.570023,126.83503
1034,와이파이,37.570023,126.83503
1035,와이파이,37.570023,126.83503
1036,와이파이,37.570023,126.83503
1037,와이파이,37.570023,126.83503
1038,와이파이,37.570023,126.83503
1039,와이파이,37.570023,126.83503
1040,와이파이,37.570023,126.83503
1041,와이파이,37.570023,126.83503
1042,와이파이,37.570023,126.83503
1043,와이파이,37.570023,126.83503
1044,와이파이,37.570023,126.83503
1045,와이파이,37.570023,126.83503
1046,와이파이,37.570023,126.83503
1047,와이파이,37.570023,126.83503
1048,와이파이,37.570023,126.83503
1049,와이파이,37.570023,126.83503
1050,와이파이,37.570023,126.83503
1051,와이파이,37.570023,126.83503
1052,와이파이,37.570023,126.83503
1053,와이파이,37.570023,126.83503
1054,와이파이,37.570023,126.83503
1055,와이파이,37.570023,126.83503
1056,와이파이,37.570023,126.83503
1057,와이파이,37.570023,126.83503
1058,와이파이,37.570023,126.83503
1059,와이파이,37.570023,126.83503
1060,와이파이,37.570023,126.83503
1061,와이파이,37.570023,126.83503
1062,와이파이,37.570023,126.83503
1063,와이파이,37.570023,126.83503
1064,와이파이,37.570570000000004,126.83451000000001
1065,와이파이,37.570570000000004,126.83451000000001
1066,와이파이,37.568382,126.83441
1067,와이파이,37.56716,126.83283999999999
1068,와이파이,37.56527,126.83281000000001
1069,와이파이,37.56527,126.83281000000001
1070,와이파이,37.566383,126.82973500000001
1071,와이파이,37.566383,126.82973500000001
1072,와이파이,37.5715,126.83493999999999
1073,와이파이,37.5715,126.83493999999999
1074,와이파이,37.5715,126.83493999999999
1075,와이파이,37.57672,126.836105
1076,와이파이,37.577103,126.836266
1077,와이파이,37.577694,126.836044
1078,와이파이,37.57802,126.83501399999999
1079,와이파이,37.577446,126.83456000000001
1080,와이파이,37.57698,126.83453
1081,와이파이,37.576656,126.83413999999999
1082,와이파이,37.576209999999996,126.83417
1083,와이파이,37.5757,126.83371000000001
1084,와이파이,37.575367,126.833725
1085,와이파이,37.5748,126.8332
1086,와이파이,37.574265000000004,126.83361000000001
1087,와이파이,37.57393,126.83306999999999
1088,와이파이,37.573190000000004,126.832664
1089,와이파이,37.572829999999996,126.83305
1090,와이파이,37.572727,126.83361000000001
1091,와이파이,37.571915000000004,126.83308999999998
1092,와이파이,37.572247,126.83202
1093,와이파이,37.571407,126.831726
1094,와이파이,37.570766,126.83157
1095,와이파이,37.570263,126.83200000000001
1096,와이파이,37.56984,126.83153
1097,와이파이,37.569336,126.83143600000001
1098,와이파이,37.568634,126.83163
1099,와이파이,37.568397999999995,126.83209
1100,와이파이,37.56771,126.83106000000001
1101,와이파이,37.567173,126.83116000000001
1102,와이파이,37.56745,126.83117
1103,와이파이,37.56759,126.83198
1104,와이파이,37.566853,126.8296
1105,와이파이,37.566563,126.82865
1106,와이파이,37.5661,126.82851399999998
1107,와이파이,37.56512,126.82799999999999
1108,와이파이,37.566241999999995,126.82923000000001
1109,와이파이,37.566845,126.83022
1110,와이파이,37.566612,126.83147
1111,와이파이,37.566124,126.83056
1112,와이파이,37.56603,126.83079
1113,와이파이,37.56605,126.83189399999999
1114,와이파이,37.56505,126.83113999999999
1115,와이파이,37.56498,126.82793400000001
1116,와이파이,37.564533000000004,126.82853
1117,와이파이,37.56434,126.829315
1118,와이파이,37.564457,126.82992
1119,와이파이,37.564209999999996,126.83093999999998
1120,와이파이,37.564434000000006,126.83219
1121,와이파이,37.564236,126.83298
1122,와이파이,37.563976000000004,126.83359499999999
1123,와이파이,37.5648,126.83341000000001
1124,와이파이,37.56501,126.83171999999999
1125,와이파이,37.565,126.83164
1126,와이파이,37.565193,126.83221999999999
1127,와이파이,37.565144000000004,126.83243999999999
1128,와이파이,37.565495,126.833206
1129,와이파이,37.565234999999994,126.83415
1130,와이파이,37.566067,126.83368
1131,와이파이,37.565704,126.83238
1132,와이파이,37.566917,126.83176
1133,와이파이,37.56653,126.832954
1134,와이파이,37.5665,126.833725
1135,와이파이,37.566944,126.83397
1136,와이파이,37.567425,126.83295
1137,와이파이,37.567890000000006,126.83348000000001
1138,와이파이,37.567904999999996,126.83428
1139,와이파이,37.568027,126.83278999999999
1140,와이파이,37.568684000000005,126.83278999999999
1141,와이파이,37.5686,126.83349
1142,와이파이,37.568317,126.83414499999999
1143,와이파이,37.568825,126.83558000000001
1144,와이파이,37.569134000000005,126.8346
1145,와이파이,37.569187,126.8327
1146,와이파이,37.569218,126.83341000000001
1147,와이파이,37.56949,126.834465
1148,와이파이,37.56946,126.83588400000001
1149,와이파이,37.569714000000005,126.83559
1150,와이파이,37.569992,126.83332
1151,와이파이,37.570503,126.83388000000001
1152,와이파이,37.571327000000004,126.8336
1153,와이파이,37.57125,126.83502
1154,와이파이,37.57107,126.83596999999999
1155,와이파이,37.5717,126.83366000000001
1156,와이파이,37.57197,126.833046
1157,와이파이,37.570023,126.83503
1158,와이파이,37.570023,126.83503
1159,와이파이,37.570023,126.83503
1160,와이파이,37.570023,126.83503
1161,와이파이,37.570023,126.83503
1162,와이파이,37.570023,126.83503
1163,와이파이,37.570023,126.83503
1164,와이파이,37.570023,126.83503
1165,와이파이,37.570023,126.83503
1166,와이파이,37.570023,126.83503
1167,와이파이,37.570023,126.83503
1168,와이파이,37.570023,126.83503
1169,와이파이,37.569275,126.83493999999999
1170,와이파이,37.569275,126.83493999999999
1171,와이파이,37.569275,126.83493999999999
1172,와이파이,37.569275,126.83493999999999
1173,와이파이,37.575953999999996,126.83559
1174,와이파이,37.575165000000005,126.83525
1175,와이파이,37.57447,126.834854
1176,와이파이,37.573483,126.834274
1177,와이파이,37.573153999999995,126.83435
1178,와이파이,37.570023,126.83503
1179,와이파이,37.570023,126.83503
1180,와이파이,37.570023,126.83503
1181,와이파이,37.570023,126.83503
1182,와이파이,37.570023,126.83503
1183,와이파이,37.5865,126.81714
1184,와이파이,37.5865,126.81714
1185,와이파이,37.532672999999996,126.84633999999998
1186,와이파이,37.529686,126.848045
1187,와이파이,37.572014,126.81213999999999
1188,와이파이,37.572014,126.81213999999999
1189,와이파이,37.571087,126.8127
1190,와이파이,37.582256,126.814095
1191,와이파이,37.534909999999996,126.83928999999999
1192,와이파이,37.535282,126.84024
1193,와이파이,37.57322,126.84459
1194,와이파이,37.54893,126.83008999999998
1195,와이파이,37.563744,126.8416
1196,와이파이,37.564377,126.811066
1197,와이파이,37.550667,126.85191999999999
1198,와이파이,37.569412,126.80871
1199,와이파이,37.54831,126.84403
1200,와이파이,37.57778,126.8132
1201,와이파이,37.571804,126.8443
1202,와이파이,37.55749,126.843185
1203,와이파이,37.55749,126.843185
1204,와이파이,37.55749,126.843185
1205,와이파이,37.55749,126.843185
1206,와이파이,37.55749,126.843185
1207,와이파이,37.55749,126.843185
1208,와이파이,37.55749,126.843185
1209,와이파이,37.553047,126.86663999999999
1210,와이파이,37.553047,126.86663999999999
1211,와이파이,37.544647,126.83511000000001
1212,와이파이,37.544647,126.83511000000001
1213,와이파이,37.544647,126.83511000000001
1214,와이파이,37.544647,126.83511000000001
1215,와이파이,37.544647,126.83511000000001
1216,와이파이,37.57867,126.81381999999999
1217,와이파이,37.57867,126.81381999999999
1218,와이파이,37.57867,126.81381999999999
1219,와이파이,37.53788,126.83849
1220,와이파이,37.540962,126.8481
1221,와이파이,37.540962,126.8481
1222,와이파이,37.540962,126.8481
1223,와이파이,37.535683,126.83718
1224,와이파이,37.535683,126.83718
1225,와이파이,37.535683,126.83718
1226,와이파이,37.535441999999996,126.8411
1227,와이파이,37.535441999999996,126.8411
1228,와이파이,37.535441999999996,126.8411
1229,와이파이,37.541462,126.8512
1230,와이파이,37.541462,126.8512
1231,와이파이,37.541462,126.8512
1232,와이파이,37.541462,126.8512
1233,와이파이,37.564834999999995,126.84255
1234,와이파이,37.564834999999995,126.84255
1235,와이파이,37.564834999999995,126.84255
1236,와이파이,37.564834999999995,126.84255
1237,와이파이,37.564834999999995,126.84255
1238,와이파이,37.564834999999995,126.84255
1239,와이파이,37.564834999999995,126.84255
1240,와이파이,37.564834999999995,126.84255
1241,와이파이,37.563559999999995,126.85473
1242,와이파이,37.563559999999995,126.85473
1243,와이파이,37.563559999999995,126.85473
1244,와이파이,37.563559999999995,126.85473
1245,와이파이,37.563559999999995,126.85473
1246,와이파이,37.563559999999995,126.85473
1247,와이파이,37.563559999999995,126.85473
1248,와이파이,37.563559999999995,126.85473
1249,와이파이,37.561737,126.86151000000001
1250,와이파이,37.561737,126.86151000000001
1251,와이파이,37.561737,126.86151000000001
1252,와이파이,37.561737,126.86151000000001
1253,와이파이,37.561737,126.86151000000001
1254,와이파이,37.57833,126.81107
1255,와이파이,37.57833,126.81107
1256,와이파이,37.57833,126.81107
1257,와이파이,37.57833,126.81107
1258,와이파이,37.57833,126.81107
1259,와이파이,37.57833,126.81107
1260,와이파이,37.57833,126.81107
1261,와이파이,37.570374,126.80308000000001
1262,와이파이,37.570374,126.80308000000001
1263,와이파이,37.570374,126.80308000000001
1264,와이파이,37.570374,126.80308000000001
1265,와이파이,37.570374,126.80308000000001
1266,와이파이,37.570374,126.80308000000001
1267,와이파이,37.570374,126.80308000000001
1268,와이파이,37.570374,126.80308000000001
1269,와이파이,37.570374,126.80308000000001
1270,와이파이,37.570374,126.80308000000001
1271,와이파이,37.570374,126.80308000000001
1272,와이파이,37.549427,126.85155
1273,와이파이,37.549267,126.85146
1274,와이파이,37.567318,126.85171000000001
1275,와이파이,37.567318,126.85171000000001
1276,와이파이,37.567318,126.85171000000001
1277,와이파이,37.567318,126.85171000000001
1278,와이파이,37.567318,126.85171000000001
1279,와이파이,37.567318,126.85171000000001
1280,와이파이,37.567318,126.85171000000001
1281,와이파이,37.567318,126.85171000000001
1282,와이파이,37.567318,126.85171000000001
1283,와이파이,37.567318,126.85171000000001
1284,와이파이,37.567318,126.85171000000001
1285,와이파이,37.584183,126.81185
1286,와이파이,37.584183,126.81185
1287,와이파이,37.584183,126.81185
1288,와이파이,37.584183,126.81185
1289,와이파이,37.584183,126.81185
1290,와이파이,37.584183,126.81185
1291,와이파이,37.584183,126.81185
1292,와이파이,37.584183,126.81185
1293,와이파이,37.584183,126.81185
1294,와이파이,37.584183,126.81185
1295,와이파이,37.584183,126.81185
1296,와이파이,37.54416,126.84193
1297,와이파이,37.5433,126.84148
1298,와이파이,37.55628,126.81126
1299,와이파이,37.559174,126.84151499999999
1300,와이파이,37.586285,126.81168999999998
1301,와이파이,37.586285,126.81168999999998
1302,와이파이,37.55335,126.84916000000001
1303,와이파이,37.55335,126.84916000000001
1304,와이파이,37.5865,126.81714
1305,와이파이,37.564953,126.852
1306,와이파이,37.564953,126.852
1307,와이파이,37.564953,126.852
1308,와이파이,37.564953,126.852
1309,와이파이,37.530840000000005,126.85293999999999
1310,와이파이,37.530840000000005,126.85293999999999
1311,와이파이,37.574528,126.81306000000001
1312,와이파이,37.550715999999994,126.86838999999999
1313,와이파이,37.558871999999994,126.844025
1314,와이파이,37.537205,126.83985
1315,와이파이,37.548107,126.85253
1316,와이파이,37.548107,126.85253
1317,와이파이,37.548107,126.85253
1318,와이파이,37.548107,126.85253
1319,와이파이,37.584247999999995,126.811325
1320,와이파이,37.545821999999994,126.84956000000001
1321,와이파이,37.552452,126.862305
1322,와이파이,37.552452,126.862305
1323,와이파이,37.552452,126.862305
1324,와이파이,37.552452,126.862305
1325,와이파이,37.551517,126.85298
1326,와이파이,37.55923,126.84572
1327,와이파이,37.54156,126.85132
1328,와이파이,37.570656,126.81227
1329,와이파이,37.570656,126.81227
1330,와이파이,37.57305,126.81846999999999
1331,와이파이,37.57305,126.81846999999999
1332,와이파이,37.552444,126.82659
1333,와이파이,37.552444,126.82659
1334,와이파이,37.561462,126.84351000000001
1335,와이파이,37.558426000000004,126.84278
1336,와이파이,37.558426000000004,126.84278
1337,와이파이,37.55237,126.85265
1338,와이파이,37.55278,126.83058999999999
1339,와이파이,37.55278,126.83058999999999
1340,와이파이,37.560314,126.808945
1341,와이파이,37.560314,126.808945
1342,와이파이,37.560314,126.808945
1343,와이파이,37.560314,126.808945
1344,와이파이,37.52897,126.84891
1345,와이파이,37.566340000000004,126.842476
1346,와이파이,37.566340000000004,126.842476
1347,와이파이,37.566340000000004,126.842476
1348,와이파이,37.566340000000004,126.842476
1349,와이파이,37.566340000000004,126.842476
1350,와이파이,37.542007,126.84923
1351,와이파이,37.542007,126.84923
1352,와이파이,37.551505999999996,126.85358400000001
1353,와이파이,37.551505999999996,126.85358400000001
1354,와이파이,37.564040000000006,126.81371999999999
